Feature,Importance
Burnout_Level_Low,0.17536880318559145
Burnout_Level_Severe,0.16705622722378105
Burnout_Level_High,0.13121275951406894
Academic_Performance_Score,0.1225636668666382
Mental_Health_Score,0.11188369264341609
Burnout_Level_Moderate,0.11158086808169966
Daily_Social_Media_Hours,0.08961588014219787
Sleep_Hours,0.024742380055405036
Social_Isolation_Score,0.01705334740950452
Daily_AI_Tool_Usage_Hours,0.014868202373569901
Physical_Health_Score,0.012295668254561304
Physical_Activity_Hours,0.011665914460522538
Age,0.0038466868891436556
Is_Physically_Active,0.0018462844426144292
Gender_Male,0.0007305619461480477
Education_Level_High School,0.0007128483564072575
Education_Level_University,0.0006962862097662281
Uses_AI_Tools,0.0006520925042812678
Education_Level_College,0.000631905913459867
Gender_Female,0.0005397882294426065
Gender_Non-binary,0.0003162273309405641
Is_Social_Media_User,0.00011990796683948838
